<?xml version="1.0" encoding="UTF-8"?>
<!DOCTYPE tiles-definitions PUBLIC "-//Apache Software Foundation//DTD Tiles Configuration 2.0//EN" "http://tiles.apache.org/dtds/tiles-config_2_0.dtd">
<tiles-definitions>
	<definition name="baseLayout" template="/baseLayout.jsp">
		<put-attribute name="title" value="Template" />
		<put-attribute name="header" value="/header.jsp" />
		<put-attribute name="menu" value="/menu.jsp" />
		<put-attribute name="body" value="/body.jsp" />
		<put-attribute name="footer" value="/footer.jsp" />
	</definition>
	<definition name="welcome" extends="baseLayout">
		<put-attribute name="title" value="Welcome" />
		<put-attribute name="body" value="/welcome.jsp" />
	</definition>
	<definition name="friends" extends="baseLayout">
		<put-attribute name="title" value="Friends" />
		<put-attribute name="body" value="/friends.jsp" />
	</definition>
	<definition name="office" extends="baseLayout">
		<put-attribute name="title" value="Office" />
		<put-attribute name="body" value="/office.jsp" />
	</definition>
</tiles-definitions>